{
    "id": "auto-xp",
    "title": "Auto XP Calculator",
    "description": "Automatically calculates and distributes XP after combat encounters for both Pathfinder 2E and D&D 5E",
    "version": "1.0.0",
    "compatibility": {
        "minimum": "10",
        "verified": "11",
        "maximum": "11"
    },
    "authors": [
        {
            "name": "Your Name",
            "url": "https://github.com/yourusername"
        }
    ],
    "esmodules": [
        "scripts/auto-xp.js"
    ],
    "styles": [],
    "languages": [],
    "system": ["pf2e", "dnd5e"],
    "url": "https://github.com/yourusername/auto-xp",
    "manifest": "https://raw.githubusercontent.com/yourusername/auto-xp/main/module.json",
    "download": "https://github.com/yourusername/auto-xp/releases/latest/download/module.zip",
    "readme": "https://github.com/yourusername/auto-xp/blob/main/README.md",
    "changelog": "https://github.com/yourusername/auto-xp/blob/main/CHANGELOG.md"
} 