{
    "id": "auto-xp",
    "title": "Auto XP Calculator",
    "description": "Automatically calculates and distributes XP after combat encounters for Pathfinder 2E",
    "version": "1.0.3",
    "compatibility": {
        "minimum": "10",
        "verified": "11",
        "maximum": "13"
    },
    "authors": [
        {
            "name": "Jonathan Dawes"
        }
    ],
    "esmodules": [
        "scripts/auto-xp.js"
    ],
    "styles": [],
    "languages": [],
    "system": ["pf2e"],
    "url": "https://github.com/jonathondawes/Auto-XP",
    "manifest": "https://github.com/jonathondawes/Auto-XP/raw/main/module.json",
    "download": "https://github.com/jonathondawes/Auto-XP/releases/download/v1.0.3/module.zip"
} 