{
    "id": "auto-xp",
    "title": "Auto XP Calculator",
    "description": "Automatically calculates and distributes XP after encounters",
    "version": "1.0.0",
    "compatibility": {
        "minimum": "10",
        "verified": "13",
        "maximum": "13"
    },
    "authors": [
        {
            "name": "Jonathon Dawes",
            "url": "https://github.com/jonathondawes/Auto-XP"
        }
    ],
    "esmodules": [
        "scripts/auto-xp.js"
    ],
    "styles": [],
    "languages": [],
    "socket": false,
    "url": "https://github.com/jonathondawes/auto-xp",
    "manifest": "https://raw.githubusercontent.com/jonathondawes/auto-xp/main/module.json",
    "download": "https://github.com/jonathondawes/auto-xp/releases/download/v1.0.0/module.zip"
} 