{
    "id": "auto-xp",
    "title": "Auto XP Calculator",
    "description": "Automatically calculates and distributes XP after encounters",
    "version": "1.0.1",
    "compatibility": {
        "minimum": "10",
        "verified": "13",
        "maximum": "13"
    },
    "authors": [
        {
            "name": "Jonathon Dawes",
            "url": "https://github.com/jonathondawes/Auto-XP"
        }
    ],
    "esmodules": [
        "scripts/auto-xp.js"
    ],
    "styles": [],
    "languages": [],
    "socket": false,
    "url": "https://github.com/jonathondawes/Auto-XP",
    "manifest": "https://raw.githubusercontent.com/jonathondawes/Auto-XP/main/module.json",
    "download": "https://github.com/jonathondawes/Auto-XP/releases/download/V1.0.1/auto-xp.zip",
    "license": "MIT",
    "readme": "https://raw.githubusercontent.com/jonathondawes/Auto-XP/main/README.md",
    "bugs": "https://github.com/jonathondawes/Auto-XP/issues",
    "changelog": "https://raw.githubusercontent.com/jonathondawes/Auto-XP/main/CHANGELOG.md",
    "flags": {
        "allowBugReporter": true
    }
} 